Full Name,Gender,Email,Phone,Country
Frida Jensen,female,frida.jensen@example.com,52196683,Denmark
سارینا گلشن,female,sryn.glshn@example.com,001-21690906,Iran
Nurdan Tokgöz,female,nurdan.tokgoz@example.com,(175)-759-4963,Turkey
Svetozar Simonović,male,svetozar.simonovic@example.com,036-0244-655,Serbia
Ronja Løvlie,female,ronja.lovlie@example.com,74200426,Norway
Mónica Ibáñez,female,monica.ibanez@example.com,972-244-570,Spain
Jay Myers,male,jay.myers@example.com,011-477-7826,Ireland
Nevaeh Silva,female,nevaeh.silva@example.com,(874) 479-8764,United States
Ruža Živadinović,female,ruza.zivadinovic@example.com,029-3777-512,Serbia
Isla Lehto,female,isla.lehto@example.com,07-075-313,Finland
